Description,Scientific Name,Max Score,Total Score,Query Cover,E value,Per. ident,Acc. Len,Accession  
type III secretion system outer membrane ring subunit SctC [Erwinia amylovora],Erwinia amylovora,1387,1387,100%,0.0,100.00,676,"=HYPERLINK(""https://www.ncbi.nlm.nih.gov/protein/WP_004155366.1?report=genbank&log$=prottop&blast_rank=1&RID=YXE6XHE5016"",""WP_004155366.1"")"
type III secretion system outer membrane ring subunit SctC [Erwinia amylovora],Erwinia amylovora,1385,1385,100%,0.0,99.85,676,"=HYPERLINK(""https://www.ncbi.nlm.nih.gov/protein/WP_168385176.1?report=genbank&log$=prottop&blast_rank=2&RID=YXE6XHE5016"",""WP_168385176.1"")"
type III secretion system outer membrane ring subunit SctC [Erwinia amylovora],Erwinia amylovora,1385,1385,100%,0.0,99.85,676,"=HYPERLINK(""https://www.ncbi.nlm.nih.gov/protein/WP_168421624.1?report=genbank&log$=prottop&blast_rank=3&RID=YXE6XHE5016"",""WP_168421624.1"")"
type III secretion system outer membrane ring subunit SctC [Erwinia amylovora],Erwinia amylovora,1371,1371,100%,0.0,98.97,677,"=HYPERLINK(""https://www.ncbi.nlm.nih.gov/protein/WP_004168436.1?report=genbank&log$=prottop&blast_rank=4&RID=YXE6XHE5016"",""WP_004168436.1"")"
Type III secretion system outer membrane pore HrcC [Erwinia amylovora ATCC BAA-2158],Erwinia amylovora ATCC BAA-2158,1369,1369,100%,0.0,98.82,677,"=HYPERLINK(""https://www.ncbi.nlm.nih.gov/protein/CBX79367.1?report=genbank&log$=prottop&blast_rank=5&RID=YXE6XHE5016"",""CBX79367.1"")"
type III secretion system outer membrane ring subunit SctC [Erwinia sp. Ejp617],Erwinia sp. Ejp617,1347,1347,100%,0.0,96.89,676,"=HYPERLINK(""https://www.ncbi.nlm.nih.gov/protein/WP_014543268.1?report=genbank&log$=prottop&blast_rank=6&RID=YXE6XHE5016"",""WP_014543268.1"")"
type III secretion system outer membrane ring subunit SctC [Erwinia pyrifoliae],Erwinia pyrifoliae,1343,1343,100%,0.0,96.75,676,"=HYPERLINK(""https://www.ncbi.nlm.nih.gov/protein/WP_259816781.1?report=genbank&log$=prottop&blast_rank=7&RID=YXE6XHE5016"",""WP_259816781.1"")"
type III secretion system outer membrane ring subunit SctC [Erwinia pyrifoliae],Erwinia pyrifoliae,1339,1339,100%,0.0,96.45,676,"=HYPERLINK(""https://www.ncbi.nlm.nih.gov/protein/WP_012669302.1?report=genbank&log$=prottop&blast_rank=8&RID=YXE6XHE5016"",""WP_012669302.1"")"
HrcC [Erwinia pyrifoliae],Erwinia pyrifoliae,1337,1337,100%,0.0,96.30,676,"=HYPERLINK(""https://www.ncbi.nlm.nih.gov/protein/ABA39798.2?report=genbank&log$=prottop&blast_rank=9&RID=YXE6XHE5016"",""ABA39798.2"")"
type III secretion system outer membrane ring subunit SctC [Erwinia piriflorinigrans],Erwinia piriflorinigrans,1269,1269,100%,0.0,92.46,676,"=HYPERLINK(""https://www.ncbi.nlm.nih.gov/protein/WP_023653761.1?report=genbank&log$=prottop&blast_rank=10&RID=YXE6XHE5016"",""WP_023653761.1"")"
type III secretion system outer membrane ring subunit SctC [Erwinia tasmaniensis],Erwinia tasmaniensis,1242,1242,97%,0.0,93.62,676,"=HYPERLINK(""https://www.ncbi.nlm.nih.gov/protein/WP_012440288.1?report=genbank&log$=prottop&blast_rank=11&RID=YXE6XHE5016"",""WP_012440288.1"")"
type III secretion system outer membrane ring subunit SctC [Erwinia psidii],Erwinia psidii,1211,1211,99%,0.0,86.67,677,"=HYPERLINK(""https://www.ncbi.nlm.nih.gov/protein/WP_124231871.1?report=genbank&log$=prottop&blast_rank=12&RID=YXE6XHE5016"",""WP_124231871.1"")"
type III secretion system outer membrane ring subunit SctC [Erwinia tracheiphila],Erwinia tracheiphila,1184,1184,99%,0.0,83.85,674,"=HYPERLINK(""https://www.ncbi.nlm.nih.gov/protein/WP_233479868.1?report=genbank&log$=prottop&blast_rank=13&RID=YXE6XHE5016"",""WP_233479868.1"")"
type III secretion system outer membrane ring subunit SctC [Pantoea],Pantoea,1184,1184,100%,0.0,84.09,679,"=HYPERLINK(""https://www.ncbi.nlm.nih.gov/protein/WP_275222444.1?report=genbank&log$=prottop&blast_rank=14&RID=YXE6XHE5016"",""WP_275222444.1"")"
type III secretion system outer membrane ring subunit SctC [Erwinia tracheiphila],Erwinia tracheiphila,1183,1183,99%,0.0,83.70,674,"=HYPERLINK(""https://www.ncbi.nlm.nih.gov/protein/WP_016191026.1?report=genbank&log$=prottop&blast_rank=15&RID=YXE6XHE5016"",""WP_016191026.1"")"
type III secretion system outer membrane ring subunit SctC [Pantoea vagans],Pantoea vagans,1180,1180,100%,0.0,83.95,679,"=HYPERLINK(""https://www.ncbi.nlm.nih.gov/protein/WP_061060948.1?report=genbank&log$=prottop&blast_rank=16&RID=YXE6XHE5016"",""WP_061060948.1"")"
type III secretion system outer membrane ring subunit SctC [Pantoea agglomerans],Pantoea agglomerans,1176,1176,100%,0.0,83.65,679,"=HYPERLINK(""https://www.ncbi.nlm.nih.gov/protein/WP_098049835.1?report=genbank&log$=prottop&blast_rank=17&RID=YXE6XHE5016"",""WP_098049835.1"")"
type III secretion system outer membrane ring subunit SctC [Pantoea agglomerans],Pantoea agglomerans,1176,1176,100%,0.0,83.80,679,"=HYPERLINK(""https://www.ncbi.nlm.nih.gov/protein/WP_323169453.1?report=genbank&log$=prottop&blast_rank=18&RID=YXE6XHE5016"",""WP_323169453.1"")"
type III secretion system outer membrane ring subunit SctC [Pantoea agglomerans],Pantoea agglomerans,1176,1176,100%,0.0,83.65,679,"=HYPERLINK(""https://www.ncbi.nlm.nih.gov/protein/WP_031590814.1?report=genbank&log$=prottop&blast_rank=19&RID=YXE6XHE5016"",""WP_031590814.1"")"
type III secretion system outer membrane ring subunit SctC [Pantoea agglomerans],Pantoea agglomerans,1176,1176,100%,0.0,83.80,679,"=HYPERLINK(""https://www.ncbi.nlm.nih.gov/protein/WP_158150052.1?report=genbank&log$=prottop&blast_rank=20&RID=YXE6XHE5016"",""WP_158150052.1"")"
type III secretion system outer membrane ring subunit SctC [Pantoea agglomerans],Pantoea agglomerans,1165,1165,97%,0.0,84.46,663,"=HYPERLINK(""https://www.ncbi.nlm.nih.gov/protein/WP_264704873.1?report=genbank&log$=prottop&blast_rank=21&RID=YXE6XHE5016"",""WP_264704873.1"")"
type III secretion system outer membrane ring subunit SctC [Erwinia mallotivora],Erwinia mallotivora,1163,1163,100%,0.0,84.24,679,"=HYPERLINK(""https://www.ncbi.nlm.nih.gov/protein/WP_034936517.1?report=genbank&log$=prottop&blast_rank=22&RID=YXE6XHE5016"",""WP_034936517.1"")"
type III secretion system outer membrane ring subunit SctC [Erwinia mallotivora],Erwinia mallotivora,1160,1160,100%,0.0,84.09,679,"=HYPERLINK(""https://www.ncbi.nlm.nih.gov/protein/WP_261658195.1?report=genbank&log$=prottop&blast_rank=23&RID=YXE6XHE5016"",""WP_261658195.1"")"
type III secretion system outer membrane ring subunit SctC [Pantoea sp. VS1],Pantoea sp. VS1,1160,1160,100%,0.0,83.95,679,"=HYPERLINK(""https://www.ncbi.nlm.nih.gov/protein/WP_088518183.1?report=genbank&log$=prottop&blast_rank=24&RID=YXE6XHE5016"",""WP_088518183.1"")"
type III secretion system outer membrane ring subunit SctC [Pantoea sp. paga],Pantoea sp. paga,1152,1152,100%,0.0,82.27,677,"=HYPERLINK(""https://www.ncbi.nlm.nih.gov/protein/WP_143991680.1?report=genbank&log$=prottop&blast_rank=25&RID=YXE6XHE5016"",""WP_143991680.1"")"
type III secretion system outer membrane ring subunit SctC [Pantoea stewartii],Pantoea stewartii,1149,1149,100%,0.0,81.68,677,"=HYPERLINK(""https://www.ncbi.nlm.nih.gov/protein/WP_164483367.1?report=genbank&log$=prottop&blast_rank=26&RID=YXE6XHE5016"",""WP_164483367.1"")"
type III secretion system outer membrane ring subunit SctC [Pantoea stewartii],Pantoea stewartii,1149,1149,100%,0.0,81.54,677,"=HYPERLINK(""https://www.ncbi.nlm.nih.gov/protein/WP_263759635.1?report=genbank&log$=prottop&blast_rank=27&RID=YXE6XHE5016"",""WP_263759635.1"")"
type III secretion system outer membrane ring subunit SctC [Pantoea stewartii],Pantoea stewartii,1149,1149,100%,0.0,81.54,677,"=HYPERLINK(""https://www.ncbi.nlm.nih.gov/protein/WP_033742580.1?report=genbank&log$=prottop&blast_rank=28&RID=YXE6XHE5016"",""WP_033742580.1"")"
type III secretion system outer membrane ring subunit SctC [Pantoea stewartii],Pantoea stewartii,1148,1148,99%,0.0,81.66,677,"=HYPERLINK(""https://www.ncbi.nlm.nih.gov/protein/WP_039339364.1?report=genbank&log$=prottop&blast_rank=29&RID=YXE6XHE5016"",""WP_039339364.1"")"
type III secretion system outer membrane ring subunit SctC [Pantoea],Pantoea,1148,1148,100%,0.0,81.39,677,"=HYPERLINK(""https://www.ncbi.nlm.nih.gov/protein/WP_205956017.1?report=genbank&log$=prottop&blast_rank=30&RID=YXE6XHE5016"",""WP_205956017.1"")"
type III secretion system outer membrane ring subunit SctC [Pantoea],Pantoea,1148,1148,100%,0.0,81.39,677,"=HYPERLINK(""https://www.ncbi.nlm.nih.gov/protein/WP_133745734.1?report=genbank&log$=prottop&blast_rank=31&RID=YXE6XHE5016"",""WP_133745734.1"")"
type III secretion system outer membrane ring subunit SctC [Pantoea stewartii],Pantoea stewartii,1147,1147,99%,0.0,81.51,677,"=HYPERLINK(""https://www.ncbi.nlm.nih.gov/protein/WP_205959576.1?report=genbank&log$=prottop&blast_rank=32&RID=YXE6XHE5016"",""WP_205959576.1"")"
type III secretion system outer membrane ring subunit SctC [Pantoea stewartii],Pantoea stewartii,1146,1146,100%,0.0,81.39,677,"=HYPERLINK(""https://www.ncbi.nlm.nih.gov/protein/WP_277284547.1?report=genbank&log$=prottop&blast_rank=33&RID=YXE6XHE5016"",""WP_277284547.1"")"
type III secretion system outer membrane ring subunit SctC [Pantoea stewartii],Pantoea stewartii,1145,1145,99%,0.0,81.36,677,"=HYPERLINK(""https://www.ncbi.nlm.nih.gov/protein/WP_289368257.1?report=genbank&log$=prottop&blast_rank=34&RID=YXE6XHE5016"",""WP_289368257.1"")"
type III secretion system outer membrane ring subunit SctC [Pantoea sp. PNA 03-3],Pantoea sp. PNA 03-3,1145,1145,99%,0.0,81.36,677,"=HYPERLINK(""https://www.ncbi.nlm.nih.gov/protein/WP_110268453.1?report=genbank&log$=prottop&blast_rank=35&RID=YXE6XHE5016"",""WP_110268453.1"")"
type III secretion system outer membrane ring subunit SctC [Pantoea stewartii],Pantoea stewartii,1145,1145,100%,0.0,80.95,677,"=HYPERLINK(""https://www.ncbi.nlm.nih.gov/protein/WP_205954537.1?report=genbank&log$=prottop&blast_rank=36&RID=YXE6XHE5016"",""WP_205954537.1"")"
type III secretion system outer membrane ring subunit SctC [Pantoea stewartii],Pantoea stewartii,1145,1145,99%,0.0,81.36,677,"=HYPERLINK(""https://www.ncbi.nlm.nih.gov/protein/WP_044243035.1?report=genbank&log$=prottop&blast_rank=37&RID=YXE6XHE5016"",""WP_044243035.1"")"
type III secretion system outer membrane ring subunit SctC [Pantoea agglomerans],Pantoea agglomerans,1137,1137,100%,0.0,81.54,677,"=HYPERLINK(""https://www.ncbi.nlm.nih.gov/protein/WP_064703208.1?report=genbank&log$=prottop&blast_rank=38&RID=YXE6XHE5016"",""WP_064703208.1"")"
type III secretion system outer membrane ring subunit SctC [Serratia marcescens],Serratia marcescens,1137,1137,99%,0.0,84.12,674,"=HYPERLINK(""https://www.ncbi.nlm.nih.gov/protein/WP_110146611.1?report=genbank&log$=prottop&blast_rank=39&RID=YXE6XHE5016"",""WP_110146611.1"")"
type III secretion system outer membrane ring subunit SctC [Pantoea agglomerans],Pantoea agglomerans,1135,1135,100%,0.0,81.39,677,"=HYPERLINK(""https://www.ncbi.nlm.nih.gov/protein/WP_064690642.1?report=genbank&log$=prottop&blast_rank=40&RID=YXE6XHE5016"",""WP_064690642.1"")"
TPA: type III secretion system outer membrane ring subunit SctC [Klebsiella aerogenes],Klebsiella aerogenes,1135,1135,99%,0.0,83.98,674,"=HYPERLINK(""https://www.ncbi.nlm.nih.gov/protein/HDU5650191.1?report=genbank&log$=prottop&blast_rank=41&RID=YXE6XHE5016"",""HDU5650191.1"")"
type III secretion system outer membrane ring subunit SctC [Klebsiella indica],Klebsiella indica,1098,1098,96%,0.0,84.00,674,"=HYPERLINK(""https://www.ncbi.nlm.nih.gov/protein/WP_138362299.1?report=genbank&log$=prottop&blast_rank=42&RID=YXE6XHE5016"",""WP_138362299.1"")"
type III secretion system outermembrane pore forming protein [Pantoea stewartii subsp. stewartii DC283],Pantoea stewartii subsp. stewartii DC283,1065,1065,90%,0.0,82.79,617,"=HYPERLINK(""https://www.ncbi.nlm.nih.gov/protein/EHT98043.1?report=genbank&log$=prottop&blast_rank=43&RID=YXE6XHE5016"",""EHT98043.1"")"
type III secretion system outer membrane ring subunit SctC [Dickeya oryzae],Dickeya oryzae,957,957,98%,0.0,68.19,690,"=HYPERLINK(""https://www.ncbi.nlm.nih.gov/protein/WP_153507876.1?report=genbank&log$=prottop&blast_rank=44&RID=YXE6XHE5016"",""WP_153507876.1"")"
type III secretion system outer membrane ring subunit SctC [Dickeya zeae],Dickeya zeae,954,954,98%,0.0,68.48,690,"=HYPERLINK(""https://www.ncbi.nlm.nih.gov/protein/WP_019845533.1?report=genbank&log$=prottop&blast_rank=45&RID=YXE6XHE5016"",""WP_019845533.1"")"
type III secretion system outer membrane ring subunit SctC [Dickeya zeae],Dickeya zeae,954,954,98%,0.0,68.48,690,"=HYPERLINK(""https://www.ncbi.nlm.nih.gov/protein/WP_102801830.1?report=genbank&log$=prottop&blast_rank=46&RID=YXE6XHE5016"",""WP_102801830.1"")"
type III secretion system outer membrane ring subunit SctC [Dickeya oryzae],Dickeya oryzae,954,954,98%,0.0,68.34,690,"=HYPERLINK(""https://www.ncbi.nlm.nih.gov/protein/WP_226101925.1?report=genbank&log$=prottop&blast_rank=47&RID=YXE6XHE5016"",""WP_226101925.1"")"
type III secretion system outer membrane ring subunit SctC [Dickeya oryzae],Dickeya oryzae,950,950,98%,0.0,68.04,690,"=HYPERLINK(""https://www.ncbi.nlm.nih.gov/protein/WP_038907833.1?report=genbank&log$=prottop&blast_rank=48&RID=YXE6XHE5016"",""WP_038907833.1"")"
type III secretion system outer membrane ring subunit SctC [Dickeya zeae],Dickeya zeae,950,950,98%,0.0,68.19,690,"=HYPERLINK(""https://www.ncbi.nlm.nih.gov/protein/WP_248589689.1?report=genbank&log$=prottop&blast_rank=49&RID=YXE6XHE5016"",""WP_248589689.1"")"
type III secretion system outer membrane ring subunit SctC [Dickeya oryzae],Dickeya oryzae,949,949,98%,0.0,67.75,690,"=HYPERLINK(""https://www.ncbi.nlm.nih.gov/protein/WP_253000782.1?report=genbank&log$=prottop&blast_rank=50&RID=YXE6XHE5016"",""WP_253000782.1"")"
type III secretion system outer membrane ring subunit SctC [Dickeya oryzae],Dickeya oryzae,949,949,98%,0.0,67.75,690,"=HYPERLINK(""https://www.ncbi.nlm.nih.gov/protein/WP_210174994.1?report=genbank&log$=prottop&blast_rank=51&RID=YXE6XHE5016"",""WP_210174994.1"")"
type III secretion system outer membrane ring subunit SctC [Dickeya parazeae],Dickeya parazeae,948,948,98%,0.0,67.89,690,"=HYPERLINK(""https://www.ncbi.nlm.nih.gov/protein/WP_012884587.1?report=genbank&log$=prottop&blast_rank=52&RID=YXE6XHE5016"",""WP_012884587.1"")"
type III secretion system outer membrane ring subunit SctC [Dickeya zeae],Dickeya zeae,948,948,98%,0.0,67.75,690,"=HYPERLINK(""https://www.ncbi.nlm.nih.gov/protein/WP_016942322.1?report=genbank&log$=prottop&blast_rank=53&RID=YXE6XHE5016"",""WP_016942322.1"")"
type III secretion system outer membrane ring subunit SctC [Dickeya zeae],Dickeya zeae,948,948,98%,0.0,67.89,690,"=HYPERLINK(""https://www.ncbi.nlm.nih.gov/protein/WP_226510593.1?report=genbank&log$=prottop&blast_rank=54&RID=YXE6XHE5016"",""WP_226510593.1"")"
type III secretion system outer membrane ring subunit SctC [Dickeya oryzae],Dickeya oryzae,947,947,98%,0.0,67.89,690,"=HYPERLINK(""https://www.ncbi.nlm.nih.gov/protein/WP_210177627.1?report=genbank&log$=prottop&blast_rank=55&RID=YXE6XHE5016"",""WP_210177627.1"")"
type III secretion system outer membrane ring subunit SctC [Dickeya oryzae],Dickeya oryzae,947,947,98%,0.0,67.75,690,"=HYPERLINK(""https://www.ncbi.nlm.nih.gov/protein/WP_226093516.1?report=genbank&log$=prottop&blast_rank=56&RID=YXE6XHE5016"",""WP_226093516.1"")"
type III secretion system outer membrane ring subunit SctC [Dickeya oryzae],Dickeya oryzae,946,946,98%,0.0,67.75,690,"=HYPERLINK(""https://www.ncbi.nlm.nih.gov/protein/WP_210193018.1?report=genbank&log$=prottop&blast_rank=57&RID=YXE6XHE5016"",""WP_210193018.1"")"
type III secretion system outer membrane ring subunit SctC [Dickeya parazeae],Dickeya parazeae,942,942,98%,0.0,67.60,690,"=HYPERLINK(""https://www.ncbi.nlm.nih.gov/protein/WP_210181911.1?report=genbank&log$=prottop&blast_rank=58&RID=YXE6XHE5016"",""WP_210181911.1"")"
type III secretion system outer membrane ring subunit SctC [Dickeya chrysanthemi],Dickeya chrysanthemi,942,942,98%,0.0,67.65,691,"=HYPERLINK(""https://www.ncbi.nlm.nih.gov/protein/WP_040003548.1?report=genbank&log$=prottop&blast_rank=59&RID=YXE6XHE5016"",""WP_040003548.1"")"
type III secretion system outer membrane ring subunit SctC [Dickeya],Dickeya,942,942,98%,0.0,67.94,688,"=HYPERLINK(""https://www.ncbi.nlm.nih.gov/protein/WP_067486923.1?report=genbank&log$=prottop&blast_rank=60&RID=YXE6XHE5016"",""WP_067486923.1"")"
type III secretion system outer membrane ring subunit SctC [Dickeya chrysanthemi],Dickeya chrysanthemi,941,941,98%,0.0,67.21,691,"=HYPERLINK(""https://www.ncbi.nlm.nih.gov/protein/WP_050516062.1?report=genbank&log$=prottop&blast_rank=61&RID=YXE6XHE5016"",""WP_050516062.1"")"
type III secretion system outer membrane ring subunit SctC [Dickeya zeae],Dickeya zeae,941,941,98%,0.0,67.35,690,"=HYPERLINK(""https://www.ncbi.nlm.nih.gov/protein/WP_038913884.1?report=genbank&log$=prottop&blast_rank=62&RID=YXE6XHE5016"",""WP_038913884.1"")"
type III secretion system outer membrane ring subunit SctC [Dickeya],Dickeya,941,941,98%,0.0,67.21,691,"=HYPERLINK(""https://www.ncbi.nlm.nih.gov/protein/WP_012769627.1?report=genbank&log$=prottop&blast_rank=63&RID=YXE6XHE5016"",""WP_012769627.1"")"
type III secretion system outer membrane ring subunit SctC [Dickeya zeae],Dickeya zeae,940,940,98%,0.0,67.35,690,"=HYPERLINK(""https://www.ncbi.nlm.nih.gov/protein/WP_038916116.1?report=genbank&log$=prottop&blast_rank=64&RID=YXE6XHE5016"",""WP_038916116.1"")"
type III secretion system outer membrane ring subunit SctC [Dickeya dadantii],Dickeya dadantii,940,940,98%,0.0,67.35,691,"=HYPERLINK(""https://www.ncbi.nlm.nih.gov/protein/WP_226055058.1?report=genbank&log$=prottop&blast_rank=65&RID=YXE6XHE5016"",""WP_226055058.1"")"
type III secretion system outer membrane ring subunit SctC [Dickeya chrysanthemi],Dickeya chrysanthemi,939,939,98%,0.0,67.50,833,"=HYPERLINK(""https://www.ncbi.nlm.nih.gov/protein/WP_324607066.1?report=genbank&log$=prottop&blast_rank=66&RID=YXE6XHE5016"",""WP_324607066.1"")"
type III secretion system outer membrane ring subunit SctC [Dickeya zeae],Dickeya zeae,939,939,98%,0.0,67.30,690,"=HYPERLINK(""https://www.ncbi.nlm.nih.gov/protein/WP_038904221.1?report=genbank&log$=prottop&blast_rank=67&RID=YXE6XHE5016"",""WP_038904221.1"")"
type III secretion system outer membrane ring subunit SctC [Dickeya chrysanthemi],Dickeya chrysanthemi,939,939,98%,0.0,67.06,691,"=HYPERLINK(""https://www.ncbi.nlm.nih.gov/protein/WP_050568373.1?report=genbank&log$=prottop&blast_rank=68&RID=YXE6XHE5016"",""WP_050568373.1"")"
type III secretion system outer membrane ring subunit SctC [Dickeya fangzhongdai],Dickeya fangzhongdai,938,938,98%,0.0,68.14,689,"=HYPERLINK(""https://www.ncbi.nlm.nih.gov/protein/WP_100849622.1?report=genbank&log$=prottop&blast_rank=69&RID=YXE6XHE5016"",""WP_100849622.1"")"
type III secretion system outer membrane ring subunit SctC [Dickeya],Dickeya,937,937,98%,0.0,68.14,689,"=HYPERLINK(""https://www.ncbi.nlm.nih.gov/protein/WP_049854051.1?report=genbank&log$=prottop&blast_rank=70&RID=YXE6XHE5016"",""WP_049854051.1"")"
type III secretion system outer membrane ring subunit SctC [Dickeya],Dickeya,937,937,98%,0.0,68.14,689,"=HYPERLINK(""https://www.ncbi.nlm.nih.gov/protein/WP_038919201.1?report=genbank&log$=prottop&blast_rank=71&RID=YXE6XHE5016"",""WP_038919201.1"")"
type III secretion system outer membrane ring subunit SctC [Dickeya undicola],Dickeya undicola,937,937,98%,0.0,68.44,690,"=HYPERLINK(""https://www.ncbi.nlm.nih.gov/protein/WP_033568579.1?report=genbank&log$=prottop&blast_rank=72&RID=YXE6XHE5016"",""WP_033568579.1"")"
type III secretion system outer membrane ring subunit SctC [Dickeya undicola],Dickeya undicola,937,937,98%,0.0,68.44,690,"=HYPERLINK(""https://www.ncbi.nlm.nih.gov/protein/WP_123252837.1?report=genbank&log$=prottop&blast_rank=73&RID=YXE6XHE5016"",""WP_123252837.1"")"
type III secretion system outer membrane ring subunit SctC [Dickeya lacustris],Dickeya lacustris,936,936,98%,0.0,66.96,687,"=HYPERLINK(""https://www.ncbi.nlm.nih.gov/protein/WP_125259345.1?report=genbank&log$=prottop&blast_rank=74&RID=YXE6XHE5016"",""WP_125259345.1"")"
type III secretion system outer membrane ring subunit SctC [Dickeya solani],Dickeya solani,936,936,98%,0.0,67.79,689,"=HYPERLINK(""https://www.ncbi.nlm.nih.gov/protein/WP_316392096.1?report=genbank&log$=prottop&blast_rank=75&RID=YXE6XHE5016"",""WP_316392096.1"")"
type III secretion system outer membrane ring subunit SctC [Dickeya fangzhongdai],Dickeya fangzhongdai,934,934,98%,0.0,68.14,689,"=HYPERLINK(""https://www.ncbi.nlm.nih.gov/protein/WP_038658232.1?report=genbank&log$=prottop&blast_rank=76&RID=YXE6XHE5016"",""WP_038658232.1"")"
type III secretion system outer membrane ring subunit SctC [Dickeya solani],Dickeya solani,934,934,98%,0.0,67.79,689,"=HYPERLINK(""https://www.ncbi.nlm.nih.gov/protein/WP_057084846.1?report=genbank&log$=prottop&blast_rank=77&RID=YXE6XHE5016"",""WP_057084846.1"")"
type III secretion system outer membrane ring subunit SctC [Dickeya fangzhongdai],Dickeya fangzhongdai,933,933,98%,0.0,67.99,689,"=HYPERLINK(""https://www.ncbi.nlm.nih.gov/protein/WP_039694340.1?report=genbank&log$=prottop&blast_rank=78&RID=YXE6XHE5016"",""WP_039694340.1"")"
type III secretion system outer membrane ring subunit SctC [Dickeya dadantii],Dickeya dadantii,932,932,98%,0.0,67.70,689,"=HYPERLINK(""https://www.ncbi.nlm.nih.gov/protein/WP_038922953.1?report=genbank&log$=prottop&blast_rank=79&RID=YXE6XHE5016"",""WP_038922953.1"")"
EscC/YscC/HrcC family type III secretion system outer membrane ring protein [Prodigiosinella confusarubida],Prodigiosinella confusarubida,932,932,97%,0.0,67.56,690,"=HYPERLINK(""https://www.ncbi.nlm.nih.gov/protein/AUH00621.1?report=genbank&log$=prottop&blast_rank=80&RID=YXE6XHE5016"",""AUH00621.1"")"
type III secretion system outer membrane ring subunit SctC [Dickeya dadantii],Dickeya dadantii,932,932,98%,0.0,67.70,689,"=HYPERLINK(""https://www.ncbi.nlm.nih.gov/protein/WP_013318112.1?report=genbank&log$=prottop&blast_rank=81&RID=YXE6XHE5016"",""WP_013318112.1"")"
EscC/YscC/HrcC family type III secretion system outer membrane ring protein [Dickeya dadantii],Dickeya dadantii,932,932,98%,0.0,67.70,689,"=HYPERLINK(""https://www.ncbi.nlm.nih.gov/protein/MCL6408068.1?report=genbank&log$=prottop&blast_rank=82&RID=YXE6XHE5016"",""MCL6408068.1"")"
type III secretion system outer membrane ring subunit SctC [Dickeya dadantii],Dickeya dadantii,931,931,98%,0.0,67.70,689,"=HYPERLINK(""https://www.ncbi.nlm.nih.gov/protein/WP_038901326.1?report=genbank&log$=prottop&blast_rank=83&RID=YXE6XHE5016"",""WP_038901326.1"")"
type III secretion system outer membrane ring subunit SctC [Dickeya zeae],Dickeya zeae,931,931,98%,0.0,67.40,690,"=HYPERLINK(""https://www.ncbi.nlm.nih.gov/protein/WP_023639568.1?report=genbank&log$=prottop&blast_rank=84&RID=YXE6XHE5016"",""WP_023639568.1"")"
type III secretion system outer membrane ring subunit SctC [Dickeya dadantii],Dickeya dadantii,931,931,98%,0.0,67.70,689,"=HYPERLINK(""https://www.ncbi.nlm.nih.gov/protein/WP_077245156.1?report=genbank&log$=prottop&blast_rank=85&RID=YXE6XHE5016"",""WP_077245156.1"")"
type III secretion system outer membrane ring subunit SctC [Dickeya zeae],Dickeya zeae,931,931,98%,0.0,67.40,690,"=HYPERLINK(""https://www.ncbi.nlm.nih.gov/protein/WP_226067775.1?report=genbank&log$=prottop&blast_rank=86&RID=YXE6XHE5016"",""WP_226067775.1"")"
type III secretion system outer membrane ring subunit SctC [Dickeya sp. NCPPB 3274],Dickeya sp. NCPPB 3274,930,930,98%,0.0,67.55,689,"=HYPERLINK(""https://www.ncbi.nlm.nih.gov/protein/WP_042859962.1?report=genbank&log$=prottop&blast_rank=87&RID=YXE6XHE5016"",""WP_042859962.1"")"
type III secretion system outer membrane ring subunit SctC [Dickeya fangzhongdai],Dickeya fangzhongdai,930,930,98%,0.0,67.55,689,"=HYPERLINK(""https://www.ncbi.nlm.nih.gov/protein/WPD75905.1?report=genbank&log$=prottop&blast_rank=88&RID=YXE6XHE5016"",""WPD75905.1"")"
type III secretion system outer membrane ring subunit SctC [Dickeya solani],Dickeya solani,930,930,98%,0.0,68.29,689,"=HYPERLINK(""https://www.ncbi.nlm.nih.gov/protein/WP_023637836.1?report=genbank&log$=prottop&blast_rank=89&RID=YXE6XHE5016"",""WP_023637836.1"")"
type III secretion system outer membrane ring subunit SctC [Dickeya fangzhongdai],Dickeya fangzhongdai,929,929,98%,0.0,67.40,689,"=HYPERLINK(""https://www.ncbi.nlm.nih.gov/protein/WP_303314144.1?report=genbank&log$=prottop&blast_rank=90&RID=YXE6XHE5016"",""WP_303314144.1"")"
type III secretion system outer membrane ring subunit SctC [Brenneria izbisi],Brenneria izbisi,929,929,97%,0.0,68.48,678,"=HYPERLINK(""https://www.ncbi.nlm.nih.gov/protein/WP_264088603.1?report=genbank&log$=prottop&blast_rank=91&RID=YXE6XHE5016"",""WP_264088603.1"")"
type III secretion system outer membrane ring subunit SctC [Dickeya dadantii],Dickeya dadantii,928,928,98%,0.0,67.35,691,"=HYPERLINK(""https://www.ncbi.nlm.nih.gov/protein/WP_263062901.1?report=genbank&log$=prottop&blast_rank=92&RID=YXE6XHE5016"",""WP_263062901.1"")"
type III secretion system outer membrane ring subunit SctC [Pectobacterium brasiliense],Pectobacterium brasiliense,928,928,96%,0.0,69.56,689,"=HYPERLINK(""https://www.ncbi.nlm.nih.gov/protein/WP_039519739.1?report=genbank&log$=prottop&blast_rank=93&RID=YXE6XHE5016"",""WP_039519739.1"")"
type III secretion system outer membrane ring subunit SctC [Pectobacterium brasiliense],Pectobacterium brasiliense,927,927,96%,0.0,69.21,689,"=HYPERLINK(""https://www.ncbi.nlm.nih.gov/protein/WP_205537354.1?report=genbank&log$=prottop&blast_rank=94&RID=YXE6XHE5016"",""WP_205537354.1"")"
type III secretion system outer membrane ring subunit SctC [Dickeya dadantii],Dickeya dadantii,927,927,98%,0.0,67.21,691,"=HYPERLINK(""https://www.ncbi.nlm.nih.gov/protein/WP_216283019.1?report=genbank&log$=prottop&blast_rank=95&RID=YXE6XHE5016"",""WP_216283019.1"")"
type III secretion system outer membrane ring subunit SctC [Pectobacterium brasiliense],Pectobacterium brasiliense,926,926,96%,0.0,69.21,689,"=HYPERLINK(""https://www.ncbi.nlm.nih.gov/protein/WP_039314775.1?report=genbank&log$=prottop&blast_rank=96&RID=YXE6XHE5016"",""WP_039314775.1"")"
type III secretion system outer membrane ring subunit SctC [Pectobacterium brasiliense],Pectobacterium brasiliense,926,926,96%,0.0,69.41,689,"=HYPERLINK(""https://www.ncbi.nlm.nih.gov/protein/WP_205568356.1?report=genbank&log$=prottop&blast_rank=97&RID=YXE6XHE5016"",""WP_205568356.1"")"
type III secretion system outer membrane ring subunit SctC [Pectobacterium brasiliense],Pectobacterium brasiliense,926,926,96%,0.0,69.21,689,"=HYPERLINK(""https://www.ncbi.nlm.nih.gov/protein/WP_039277615.1?report=genbank&log$=prottop&blast_rank=98&RID=YXE6XHE5016"",""WP_039277615.1"")"
type III secretion system outer membrane ring subunit SctC [Pectobacterium brasiliense],Pectobacterium brasiliense,926,926,96%,0.0,69.41,689,"=HYPERLINK(""https://www.ncbi.nlm.nih.gov/protein/WP_205530480.1?report=genbank&log$=prottop&blast_rank=99&RID=YXE6XHE5016"",""WP_205530480.1"")"
type III secretion system outer membrane ring subunit SctC [Pectobacterium brasiliense],Pectobacterium brasiliense,926,926,96%,0.0,69.21,689,"=HYPERLINK(""https://www.ncbi.nlm.nih.gov/protein/WP_205563704.1?report=genbank&log$=prottop&blast_rank=100&RID=YXE6XHE5016"",""WP_205563704.1"")"



		


